{
    "average_document_length": {
        "characters": 8.393485585922875,
        "genres": 71.13815050542868,
        "descriptions": 172.63272182703108
    },
    "document_count": 2671
}